transformTime,features,fitTime,testCount,trainCount,rmse,mse,mae,r2,runId,dataset,algorithm,family,platformId,f1,accuracy,weightedPrecision,weightedRecall,silhouette
1530.0,6400.0,16078.0,606.0,606.0,,,,,0,DDF,KM-tol-1e-06-maxIter-10,clustering,9,,,,,0.4014892756498774
1527.0,6400.0,15343.0,606.0,606.0,,,,,1,DDF,KM-tol-1e-06-maxIter-10,clustering,9,,,,,0.4014892756498773
1500.0,6400.0,15479.0,606.0,606.0,,,,,2,DDF,KM-tol-1e-06-maxIter-10,clustering,9,,,,,0.4014892756498773
1631.0,6400.0,14600.0,606.0,606.0,,,,,0,DDF,KM-tol-1e-06-maxIter-10,clustering,6,,,,,0.4014892756498775
1583.0,6400.0,15522.0,606.0,606.0,,,,,1,DDF,KM-tol-1e-06-maxIter-10,clustering,6,,,,,0.4014892756498773
1650.0,6400.0,16166.0,606.0,606.0,,,,,2,DDF,KM-tol-1e-06-maxIter-10,clustering,6,,,,,0.4014892756498773
1654.0,6400.0,19006.0,606.0,606.0,,,,,0,DDF,KM-tol-1e-06-maxIter-10,clustering,8,,,,,0.6924683186596128
1618.0,6400.0,18947.0,606.0,606.0,,,,,1,DDF,KM-tol-1e-06-maxIter-10,clustering,8,,,,,0.6924683186596116
1749.0,6400.0,18386.0,606.0,606.0,,,,,2,DDF,KM-tol-1e-06-maxIter-10,clustering,8,,,,,0.6924683186596123
1703.0,6400.0,15387.0,606.0,606.0,,,,,0,DDF,KM-tol-1e-06-maxIter-10,clustering,10,,,,,0.6924683186596123
1634.0,6400.0,17320.0,606.0,606.0,,,,,1,DDF,KM-tol-1e-06-maxIter-10,clustering,10,,,,,0.6924683186596122
1610.0,6400.0,17002.0,606.0,606.0,,,,,2,DDF,KM-tol-1e-06-maxIter-10,clustering,10,,,,,0.6924683186596127
1634.0,6400.0,18961.0,606.0,606.0,,,,,0,DDF,KM-tol-1e-06-maxIter-10,clustering,7,,,,,0.692468318659613
1701.0,6400.0,17569.0,606.0,606.0,,,,,1,DDF,KM-tol-1e-06-maxIter-10,clustering,7,,,,,0.692468318659613
1649.0,6400.0,17395.0,606.0,606.0,,,,,2,DDF,KM-tol-1e-06-maxIter-10,clustering,7,,,,,0.692468318659613
1716.0,6400.0,19938.0,606.0,606.0,,,,,0,DDF,KM-tol-1e-06-maxIter-10,clustering,12,,,,,0.5220577687475078
1734.0,6400.0,20925.0,606.0,606.0,,,,,1,DDF,KM-tol-1e-06-maxIter-10,clustering,12,,,,,0.5220577687475085
1675.0,6400.0,19078.0,606.0,606.0,,,,,2,DDF,KM-tol-1e-06-maxIter-10,clustering,12,,,,,0.5220577687475078
1589.0,6400.0,16526.0,606.0,606.0,,,,,0,DDF,KM-tol-1e-06-maxIter-10,clustering,3,,,,,0.6924683186596116
1579.0,6400.0,16785.0,606.0,606.0,,,,,1,DDF,KM-tol-1e-06-maxIter-10,clustering,3,,,,,0.6924683186596114
1661.0,6400.0,16178.0,606.0,606.0,,,,,2,DDF,KM-tol-1e-06-maxIter-10,clustering,3,,,,,0.6924683186596114
1632.0,6400.0,14460.0,606.0,606.0,,,,,0,DDF,KM-tol-1e-06-maxIter-10,clustering,2,,,,,0.6924683186596136
1690.0,6400.0,14891.0,606.0,606.0,,,,,1,DDF,KM-tol-1e-06-maxIter-10,clustering,2,,,,,0.6924683186596128
1669.0,6400.0,14720.0,606.0,606.0,,,,,2,DDF,KM-tol-1e-06-maxIter-10,clustering,2,,,,,0.6924683186596137
1657.0,6400.0,19313.0,606.0,606.0,,,,,0,DDF,KM-tol-1e-06-maxIter-10,clustering,11,,,,,0.5220577687475074
1542.0,6400.0,21039.0,606.0,606.0,,,,,1,DDF,KM-tol-1e-06-maxIter-10,clustering,11,,,,,0.5220577687475086
1570.0,6400.0,19042.0,606.0,606.0,,,,,2,DDF,KM-tol-1e-06-maxIter-10,clustering,11,,,,,0.5220577687475079
1446.0,6400.0,15583.0,606.0,606.0,,,,,0,DDF,KM-tol-1e-06-maxIter-10,clustering,5,,,,,0.6924683186596128
1454.0,6400.0,15288.0,606.0,606.0,,,,,1,DDF,KM-tol-1e-06-maxIter-10,clustering,5,,,,,0.6924683186596136
1448.0,6400.0,14905.0,606.0,606.0,,,,,2,DDF,KM-tol-1e-06-maxIter-10,clustering,5,,,,,0.6924683186596136
1436.0,6400.0,16613.0,606.0,606.0,,,,,0,DDF,KM-tol-1e-06-maxIter-10,clustering,1,,,,,0.6924683186596124
1470.0,6400.0,16691.0,606.0,606.0,,,,,1,DDF,KM-tol-1e-06-maxIter-10,clustering,1,,,,,0.6924683186596124
1480.0,6400.0,16503.0,606.0,606.0,,,,,2,DDF,KM-tol-1e-06-maxIter-10,clustering,1,,,,,0.6924683186596124
1729.0,6400.0,16609.0,606.0,606.0,,,,,0,DDF,KM-tol-1e-06-maxIter-10,clustering,4,,,,,0.4014892756498781
1648.0,6400.0,16904.0,606.0,606.0,,,,,1,DDF,KM-tol-1e-06-maxIter-10,clustering,4,,,,,0.401489275649878
1670.0,6400.0,16812.0,606.0,606.0,,,,,2,DDF,KM-tol-1e-06-maxIter-10,clustering,4,,,,,0.4014892756498774
1609.0,6400.0,16838.0,606.0,606.0,,,,,0,DDF,KM-tol-1e-06-maxIter-10,clustering,101,,,,,0.5220577687475086
1728.0,6400.0,16720.0,606.0,606.0,,,,,1,DDF,KM-tol-1e-06-maxIter-10,clustering,101,,,,,0.5220577687475086
1622.0,6400.0,18294.0,606.0,606.0,,,,,2,DDF,KM-tol-1e-06-maxIter-10,clustering,101,,,,,0.5220577687475084
1529.0,6400.0,15608.0,606.0,606.0,,,,,0,DDF,KM-tol-0.1-maxIter-100,clustering,9,,,,,0.4014892756498774
1469.0,6400.0,15611.0,606.0,606.0,,,,,1,DDF,KM-tol-0.1-maxIter-100,clustering,9,,,,,0.4014892756498774
1460.0,6400.0,16601.0,606.0,606.0,,,,,2,DDF,KM-tol-0.1-maxIter-100,clustering,9,,,,,0.40148927564987735
1581.0,6400.0,14526.0,606.0,606.0,,,,,0,DDF,KM-tol-0.1-maxIter-100,clustering,6,,,,,0.4014892756498772
1601.0,6400.0,16097.0,606.0,606.0,,,,,1,DDF,KM-tol-0.1-maxIter-100,clustering,6,,,,,0.4014892756498773
1648.0,6400.0,15774.0,606.0,606.0,,,,,2,DDF,KM-tol-0.1-maxIter-100,clustering,6,,,,,0.4014892756498773
1680.0,6400.0,19425.0,606.0,606.0,,,,,0,DDF,KM-tol-0.1-maxIter-100,clustering,8,,,,,0.6924683186596129
1761.0,6400.0,19091.0,606.0,606.0,,,,,1,DDF,KM-tol-0.1-maxIter-100,clustering,8,,,,,0.6924683186596117
1670.0,6400.0,17583.0,606.0,606.0,,,,,2,DDF,KM-tol-0.1-maxIter-100,clustering,8,,,,,0.6924683186596114
1671.0,6400.0,17014.0,606.0,606.0,,,,,0,DDF,KM-tol-0.1-maxIter-100,clustering,10,,,,,0.6924683186596123
1733.0,6400.0,16927.0,606.0,606.0,,,,,1,DDF,KM-tol-0.1-maxIter-100,clustering,10,,,,,0.6924683186596116
1702.0,6400.0,15027.0,606.0,606.0,,,,,2,DDF,KM-tol-0.1-maxIter-100,clustering,10,,,,,0.6924683186596116
1603.0,6400.0,17123.0,606.0,606.0,,,,,0,DDF,KM-tol-0.1-maxIter-100,clustering,7,,,,,0.6924683186596122
1576.0,6400.0,18445.0,606.0,606.0,,,,,1,DDF,KM-tol-0.1-maxIter-100,clustering,7,,,,,0.6924683186596129
1657.0,6400.0,17676.0,606.0,606.0,,,,,2,DDF,KM-tol-0.1-maxIter-100,clustering,7,,,,,0.692468318659613
1579.0,6400.0,18910.0,606.0,606.0,,,,,0,DDF,KM-tol-0.1-maxIter-100,clustering,12,,,,,0.5220577687475084
1687.0,6400.0,19339.0,606.0,606.0,,,,,1,DDF,KM-tol-0.1-maxIter-100,clustering,12,,,,,0.5220577687475085
1682.0,6400.0,18793.0,606.0,606.0,,,,,2,DDF,KM-tol-0.1-maxIter-100,clustering,12,,,,,0.5220577687475078
1562.0,6400.0,16621.0,606.0,606.0,,,,,0,DDF,KM-tol-0.1-maxIter-100,clustering,3,,,,,0.6924683186596116
1568.0,6400.0,16621.0,606.0,606.0,,,,,1,DDF,KM-tol-0.1-maxIter-100,clustering,3,,,,,0.6924683186596116
1632.0,6400.0,16515.0,606.0,606.0,,,,,2,DDF,KM-tol-0.1-maxIter-100,clustering,3,,,,,0.6924683186596116
1628.0,6400.0,14495.0,606.0,606.0,,,,,0,DDF,KM-tol-0.1-maxIter-100,clustering,2,,,,,0.6924683186596128
1538.0,6400.0,14473.0,606.0,606.0,,,,,1,DDF,KM-tol-0.1-maxIter-100,clustering,2,,,,,0.6924683186596128
1644.0,6400.0,14565.0,606.0,606.0,,,,,2,DDF,KM-tol-0.1-maxIter-100,clustering,2,,,,,0.6924683186596137
1647.0,6400.0,19544.0,606.0,606.0,,,,,0,DDF,KM-tol-0.1-maxIter-100,clustering,11,,,,,0.5220577687475076
1581.0,6400.0,19155.0,606.0,606.0,,,,,1,DDF,KM-tol-0.1-maxIter-100,clustering,11,,,,,0.5220577687475075
1608.0,6400.0,19500.0,606.0,606.0,,,,,2,DDF,KM-tol-0.1-maxIter-100,clustering,11,,,,,0.5220577687475081
1379.0,6400.0,14996.0,606.0,606.0,,,,,0,DDF,KM-tol-0.1-maxIter-100,clustering,5,,,,,0.6924683186596128
1484.0,6400.0,15095.0,606.0,606.0,,,,,1,DDF,KM-tol-0.1-maxIter-100,clustering,5,,,,,0.6924683186596136
1566.0,6400.0,15326.0,606.0,606.0,,,,,2,DDF,KM-tol-0.1-maxIter-100,clustering,5,,,,,0.6924683186596128
1481.0,6400.0,16920.0,606.0,606.0,,,,,0,DDF,KM-tol-0.1-maxIter-100,clustering,1,,,,,0.6924683186596124
1452.0,6400.0,16673.0,606.0,606.0,,,,,1,DDF,KM-tol-0.1-maxIter-100,clustering,1,,,,,0.6924683186596124
1450.0,6400.0,16655.0,606.0,606.0,,,,,2,DDF,KM-tol-0.1-maxIter-100,clustering,1,,,,,0.6924683186596124
1739.0,6400.0,16822.0,606.0,606.0,,,,,0,DDF,KM-tol-0.1-maxIter-100,clustering,4,,,,,0.401489275649878
1693.0,6400.0,16636.0,606.0,606.0,,,,,1,DDF,KM-tol-0.1-maxIter-100,clustering,4,,,,,0.4014892756498773
1725.0,6400.0,16867.0,606.0,606.0,,,,,2,DDF,KM-tol-0.1-maxIter-100,clustering,4,,,,,0.4014892756498773
1659.0,6400.0,16721.0,606.0,606.0,,,,,0,DDF,KM-tol-0.1-maxIter-100,clustering,101,,,,,0.5220577687475084
1642.0,6400.0,16923.0,606.0,606.0,,,,,1,DDF,KM-tol-0.1-maxIter-100,clustering,101,,,,,0.5220577687475081
1720.0,6400.0,16606.0,606.0,606.0,,,,,2,DDF,KM-tol-0.1-maxIter-100,clustering,101,,,,,0.5220577687475078
1461.0,6400.0,15651.0,606.0,606.0,,,,,0,DDF,KM-tol-0.0001-maxIter-10,clustering,9,,,,,0.4014892756498773
1562.0,6400.0,15899.0,606.0,606.0,,,,,1,DDF,KM-tol-0.0001-maxIter-10,clustering,9,,,,,0.4014892756498774
1525.0,6400.0,15789.0,606.0,606.0,,,,,2,DDF,KM-tol-0.0001-maxIter-10,clustering,9,,,,,0.4014892756498774
1639.0,6400.0,14390.0,606.0,606.0,,,,,0,DDF,KM-tol-0.0001-maxIter-10,clustering,6,,,,,0.4014892756498775
1578.0,6400.0,14159.0,606.0,606.0,,,,,1,DDF,KM-tol-0.0001-maxIter-10,clustering,6,,,,,0.4014892756498773
1667.0,6400.0,16118.0,606.0,606.0,,,,,2,DDF,KM-tol-0.0001-maxIter-10,clustering,6,,,,,0.4014892756498773
1742.0,6400.0,19813.0,606.0,606.0,,,,,0,DDF,KM-tol-0.0001-maxIter-10,clustering,8,,,,,0.6924683186596129
1714.0,6400.0,17713.0,606.0,606.0,,,,,1,DDF,KM-tol-0.0001-maxIter-10,clustering,8,,,,,0.6924683186596123
1742.0,6400.0,19726.0,606.0,606.0,,,,,2,DDF,KM-tol-0.0001-maxIter-10,clustering,8,,,,,0.6924683186596127
1654.0,6400.0,15308.0,606.0,606.0,,,,,0,DDF,KM-tol-0.0001-maxIter-10,clustering,10,,,,,0.6924683186596123
1660.0,6400.0,16780.0,606.0,606.0,,,,,1,DDF,KM-tol-0.0001-maxIter-10,clustering,10,,,,,0.6924683186596118
1670.0,6400.0,17054.0,606.0,606.0,,,,,2,DDF,KM-tol-0.0001-maxIter-10,clustering,10,,,,,0.6924683186596121
1620.0,6400.0,17247.0,606.0,606.0,,,,,0,DDF,KM-tol-0.0001-maxIter-10,clustering,7,,,,,0.6924683186596128
1617.0,6400.0,19436.0,606.0,606.0,,,,,1,DDF,KM-tol-0.0001-maxIter-10,clustering,7,,,,,0.6924683186596129
1568.0,6400.0,17903.0,606.0,606.0,,,,,2,DDF,KM-tol-0.0001-maxIter-10,clustering,7,,,,,0.692468318659613
1689.0,6400.0,18208.0,606.0,606.0,,,,,0,DDF,KM-tol-0.0001-maxIter-10,clustering,12,,,,,0.5220577687475085
1729.0,6400.0,19273.0,606.0,606.0,,,,,1,DDF,KM-tol-0.0001-maxIter-10,clustering,12,,,,,0.5220577687475075
1667.0,6400.0,18357.0,606.0,606.0,,,,,2,DDF,KM-tol-0.0001-maxIter-10,clustering,12,,,,,0.5220577687475085
1600.0,6400.0,16676.0,606.0,606.0,,,,,0,DDF,KM-tol-0.0001-maxIter-10,clustering,3,,,,,0.6924683186596122
1659.0,6400.0,16527.0,606.0,606.0,,,,,1,DDF,KM-tol-0.0001-maxIter-10,clustering,3,,,,,0.6924683186596114
1546.0,6400.0,16717.0,606.0,606.0,,,,,2,DDF,KM-tol-0.0001-maxIter-10,clustering,3,,,,,0.6924683186596114
1576.0,6400.0,14858.0,606.0,606.0,,,,,0,DDF,KM-tol-0.0001-maxIter-10,clustering,2,,,,,0.6924683186596128
1695.0,6400.0,14807.0,606.0,606.0,,,,,1,DDF,KM-tol-0.0001-maxIter-10,clustering,2,,,,,0.6924683186596128
1567.0,6400.0,14771.0,606.0,606.0,,,,,2,DDF,KM-tol-0.0001-maxIter-10,clustering,2,,,,,0.6924683186596128
1625.0,6400.0,21719.0,606.0,606.0,,,,,0,DDF,KM-tol-0.0001-maxIter-10,clustering,11,,,,,0.5220577687475086
1659.0,6400.0,19610.0,606.0,606.0,,,,,1,DDF,KM-tol-0.0001-maxIter-10,clustering,11,,,,,0.5220577687475089
1620.0,6400.0,20989.0,606.0,606.0,,,,,2,DDF,KM-tol-0.0001-maxIter-10,clustering,11,,,,,0.5220577687475086
1521.0,6400.0,15686.0,606.0,606.0,,,,,0,DDF,KM-tol-0.0001-maxIter-10,clustering,5,,,,,0.6924683186596128
1459.0,6400.0,15211.0,606.0,606.0,,,,,1,DDF,KM-tol-0.0001-maxIter-10,clustering,5,,,,,0.6924683186596128
1466.0,6400.0,14752.0,606.0,606.0,,,,,2,DDF,KM-tol-0.0001-maxIter-10,clustering,5,,,,,0.6924683186596137
1467.0,6400.0,16917.0,606.0,606.0,,,,,0,DDF,KM-tol-0.0001-maxIter-10,clustering,1,,,,,0.6924683186596124
1451.0,6400.0,16617.0,606.0,606.0,,,,,1,DDF,KM-tol-0.0001-maxIter-10,clustering,1,,,,,0.6924683186596124
1471.0,6400.0,16711.0,606.0,606.0,,,,,2,DDF,KM-tol-0.0001-maxIter-10,clustering,1,,,,,0.6924683186596124
1622.0,6400.0,16587.0,606.0,606.0,,,,,0,DDF,KM-tol-0.0001-maxIter-10,clustering,4,,,,,0.4014892756498773
1764.0,6400.0,16884.0,606.0,606.0,,,,,1,DDF,KM-tol-0.0001-maxIter-10,clustering,4,,,,,0.4014892756498775
1648.0,6400.0,16770.0,606.0,606.0,,,,,2,DDF,KM-tol-0.0001-maxIter-10,clustering,4,,,,,0.4014892756498773
1637.0,6400.0,16502.0,606.0,606.0,,,,,0,DDF,KM-tol-0.0001-maxIter-10,clustering,101,,,,,0.5220577687475085
1653.0,6400.0,18327.0,606.0,606.0,,,,,1,DDF,KM-tol-0.0001-maxIter-10,clustering,101,,,,,0.5220577687475085
1671.0,6400.0,19336.0,606.0,606.0,,,,,2,DDF,KM-tol-0.0001-maxIter-10,clustering,101,,,,,0.5220577687475078
1527.0,6400.0,17618.0,606.0,606.0,,,,,0,DDF,KM-tol-1e-06-maxIter-100,clustering,9,,,,,0.4014892756498773
1526.0,6400.0,17603.0,606.0,606.0,,,,,1,DDF,KM-tol-1e-06-maxIter-100,clustering,9,,,,,0.40148927564987735
1422.0,6400.0,16230.0,606.0,606.0,,,,,2,DDF,KM-tol-1e-06-maxIter-100,clustering,9,,,,,0.4014892756498773
1685.0,6400.0,14516.0,606.0,606.0,,,,,0,DDF,KM-tol-1e-06-maxIter-100,clustering,6,,,,,0.4014892756498774
1647.0,6400.0,15291.0,606.0,606.0,,,,,1,DDF,KM-tol-1e-06-maxIter-100,clustering,6,,,,,0.4014892756498773
1608.0,6400.0,16068.0,606.0,606.0,,,,,2,DDF,KM-tol-1e-06-maxIter-100,clustering,6,,,,,0.4014892756498773
1758.0,6400.0,19232.0,606.0,606.0,,,,,0,DDF,KM-tol-1e-06-maxIter-100,clustering,8,,,,,0.6924683186596121
1660.0,6400.0,18895.0,606.0,606.0,,,,,1,DDF,KM-tol-1e-06-maxIter-100,clustering,8,,,,,0.6924683186596116
1671.0,6400.0,19377.0,606.0,606.0,,,,,2,DDF,KM-tol-1e-06-maxIter-100,clustering,8,,,,,0.6924683186596121
1694.0,6400.0,17009.0,606.0,606.0,,,,,0,DDF,KM-tol-1e-06-maxIter-100,clustering,10,,,,,0.6924683186596123
1721.0,6400.0,17380.0,606.0,606.0,,,,,1,DDF,KM-tol-1e-06-maxIter-100,clustering,10,,,,,0.6924683186596128
1640.0,6400.0,16699.0,606.0,606.0,,,,,2,DDF,KM-tol-1e-06-maxIter-100,clustering,10,,,,,0.6924683186596122
1586.0,6400.0,19675.0,606.0,606.0,,,,,0,DDF,KM-tol-1e-06-maxIter-100,clustering,7,,,,,0.692468318659613
1668.0,6400.0,17758.0,606.0,606.0,,,,,1,DDF,KM-tol-1e-06-maxIter-100,clustering,7,,,,,0.692468318659613
1620.0,6400.0,17314.0,606.0,606.0,,,,,2,DDF,KM-tol-1e-06-maxIter-100,clustering,7,,,,,0.692468318659613
1729.0,6400.0,19835.0,606.0,606.0,,,,,0,DDF,KM-tol-1e-06-maxIter-100,clustering,12,,,,,0.522057768747508
1675.0,6400.0,18337.0,606.0,606.0,,,,,1,DDF,KM-tol-1e-06-maxIter-100,clustering,12,,,,,0.5220577687475086
1732.0,6400.0,19920.0,606.0,606.0,,,,,2,DDF,KM-tol-1e-06-maxIter-100,clustering,12,,,,,0.5220577687475089
1693.0,6400.0,16378.0,606.0,606.0,,,,,0,DDF,KM-tol-1e-06-maxIter-100,clustering,3,,,,,0.6924683186596117
1619.0,6400.0,17148.0,606.0,606.0,,,,,1,DDF,KM-tol-1e-06-maxIter-100,clustering,3,,,,,0.6924683186596117
1625.0,6400.0,16557.0,606.0,606.0,,,,,2,DDF,KM-tol-1e-06-maxIter-100,clustering,3,,,,,0.6924683186596114
1668.0,6400.0,14793.0,606.0,606.0,,,,,0,DDF,KM-tol-1e-06-maxIter-100,clustering,2,,,,,0.6924683186596128
1642.0,6400.0,14655.0,606.0,606.0,,,,,1,DDF,KM-tol-1e-06-maxIter-100,clustering,2,,,,,0.6924683186596128
1665.0,6400.0,14870.0,606.0,606.0,,,,,2,DDF,KM-tol-1e-06-maxIter-100,clustering,2,,,,,0.6924683186596128
1597.0,6400.0,19407.0,606.0,606.0,,,,,0,DDF,KM-tol-1e-06-maxIter-100,clustering,11,,,,,0.5220577687475085
1645.0,6400.0,20489.0,606.0,606.0,,,,,1,DDF,KM-tol-1e-06-maxIter-100,clustering,11,,,,,0.5220577687475084
1704.0,6400.0,21060.0,606.0,606.0,,,,,2,DDF,KM-tol-1e-06-maxIter-100,clustering,11,,,,,0.5220577687475082
1493.0,6400.0,15244.0,606.0,606.0,,,,,0,DDF,KM-tol-1e-06-maxIter-100,clustering,5,,,,,0.6924683186596137
1479.0,6400.0,15045.0,606.0,606.0,,,,,1,DDF,KM-tol-1e-06-maxIter-100,clustering,5,,,,,0.6924683186596128
1528.0,6400.0,17200.0,606.0,606.0,,,,,2,DDF,KM-tol-1e-06-maxIter-100,clustering,5,,,,,0.6924683186596128
1530.0,6400.0,16976.0,606.0,606.0,,,,,0,DDF,KM-tol-1e-06-maxIter-100,clustering,1,,,,,0.6924683186596124
1492.0,6400.0,16397.0,606.0,606.0,,,,,1,DDF,KM-tol-1e-06-maxIter-100,clustering,1,,,,,0.6924683186596124
1500.0,6400.0,16601.0,606.0,606.0,,,,,2,DDF,KM-tol-1e-06-maxIter-100,clustering,1,,,,,0.6924683186596124
1721.0,6400.0,16935.0,606.0,606.0,,,,,0,DDF,KM-tol-1e-06-maxIter-100,clustering,4,,,,,0.4014892756498781
1646.0,6400.0,16802.0,606.0,606.0,,,,,1,DDF,KM-tol-1e-06-maxIter-100,clustering,4,,,,,0.40148927564987735
1671.0,6400.0,16752.0,606.0,606.0,,,,,2,DDF,KM-tol-1e-06-maxIter-100,clustering,4,,,,,0.4014892756498773
1648.0,6400.0,16218.0,606.0,606.0,,,,,0,DDF,KM-tol-1e-06-maxIter-100,clustering,101,,,,,0.5220577687475074
1648.0,6400.0,16665.0,606.0,606.0,,,,,1,DDF,KM-tol-1e-06-maxIter-100,clustering,101,,,,,0.5220577687475078
1680.0,6400.0,16730.0,606.0,606.0,,,,,2,DDF,KM-tol-1e-06-maxIter-100,clustering,101,,,,,0.5220577687475074
1487.0,6400.0,15609.0,606.0,606.0,,,,,0,DDF,KM-tol-0.1-maxIter-10,clustering,9,,,,,0.4014892756498774
1491.0,6400.0,17883.0,606.0,606.0,,,,,1,DDF,KM-tol-0.1-maxIter-10,clustering,9,,,,,0.4014892756498773
1546.0,6400.0,17473.0,606.0,606.0,,,,,2,DDF,KM-tol-0.1-maxIter-10,clustering,9,,,,,0.4014892756498774
1648.0,6400.0,14393.0,606.0,606.0,,,,,0,DDF,KM-tol-0.1-maxIter-10,clustering,6,,,,,0.4014892756498774
1560.0,6400.0,16672.0,606.0,606.0,,,,,1,DDF,KM-tol-0.1-maxIter-10,clustering,6,,,,,0.4014892756498773
1667.0,6400.0,14496.0,606.0,606.0,,,,,2,DDF,KM-tol-0.1-maxIter-10,clustering,6,,,,,0.4014892756498773
1741.0,6400.0,18202.0,606.0,606.0,,,,,0,DDF,KM-tol-0.1-maxIter-10,clustering,8,,,,,0.6924683186596122
1747.0,6400.0,19427.0,606.0,606.0,,,,,1,DDF,KM-tol-0.1-maxIter-10,clustering,8,,,,,0.6924683186596121
1681.0,6400.0,18809.0,606.0,606.0,,,,,2,DDF,KM-tol-0.1-maxIter-10,clustering,8,,,,,0.6924683186596129
1664.0,6400.0,16993.0,606.0,606.0,,,,,0,DDF,KM-tol-0.1-maxIter-10,clustering,10,,,,,0.6924683186596116
1641.0,6400.0,16732.0,606.0,606.0,,,,,1,DDF,KM-tol-0.1-maxIter-10,clustering,10,,,,,0.6924683186596116
1595.0,6400.0,15984.0,606.0,606.0,,,,,2,DDF,KM-tol-0.1-maxIter-10,clustering,10,,,,,0.6924683186596122
1596.0,6400.0,17822.0,606.0,606.0,,,,,0,DDF,KM-tol-0.1-maxIter-10,clustering,7,,,,,0.692468318659613
1626.0,6400.0,18595.0,606.0,606.0,,,,,1,DDF,KM-tol-0.1-maxIter-10,clustering,7,,,,,0.6924683186596131
1640.0,6400.0,18965.0,606.0,606.0,,,,,2,DDF,KM-tol-0.1-maxIter-10,clustering,7,,,,,0.6924683186596123
1697.0,6400.0,19682.0,606.0,606.0,,,,,0,DDF,KM-tol-0.1-maxIter-10,clustering,12,,,,,0.5220577687475075
1681.0,6400.0,19184.0,606.0,606.0,,,,,1,DDF,KM-tol-0.1-maxIter-10,clustering,12,,,,,0.5220577687475088
1706.0,6400.0,19366.0,606.0,606.0,,,,,2,DDF,KM-tol-0.1-maxIter-10,clustering,12,,,,,0.5220577687475081
1565.0,6400.0,16177.0,606.0,606.0,,,,,0,DDF,KM-tol-0.1-maxIter-10,clustering,3,,,,,0.6924683186596116
1578.0,6400.0,16383.0,606.0,606.0,,,,,1,DDF,KM-tol-0.1-maxIter-10,clustering,3,,,,,0.6924683186596122
1642.0,6400.0,16691.0,606.0,606.0,,,,,2,DDF,KM-tol-0.1-maxIter-10,clustering,3,,,,,0.6924683186596114
1637.0,6400.0,14706.0,606.0,606.0,,,,,0,DDF,KM-tol-0.1-maxIter-10,clustering,2,,,,,0.6924683186596128
1727.0,6400.0,14674.0,606.0,606.0,,,,,1,DDF,KM-tol-0.1-maxIter-10,clustering,2,,,,,0.6924683186596127
1608.0,6400.0,14551.0,606.0,606.0,,,,,2,DDF,KM-tol-0.1-maxIter-10,clustering,2,,,,,0.6924683186596128
1592.0,6400.0,19191.0,606.0,606.0,,,,,0,DDF,KM-tol-0.1-maxIter-10,clustering,11,,,,,0.5220577687475078
1573.0,6400.0,20902.0,606.0,606.0,,,,,1,DDF,KM-tol-0.1-maxIter-10,clustering,11,,,,,0.522057768747508
1702.0,6400.0,19381.0,606.0,606.0,,,,,2,DDF,KM-tol-0.1-maxIter-10,clustering,11,,,,,0.5220577687475078
1499.0,6400.0,14998.0,606.0,606.0,,,,,0,DDF,KM-tol-0.1-maxIter-10,clustering,5,,,,,0.6924683186596128
1447.0,6400.0,15236.0,606.0,606.0,,,,,1,DDF,KM-tol-0.1-maxIter-10,clustering,5,,,,,0.6924683186596128
1428.0,6400.0,15167.0,606.0,606.0,,,,,2,DDF,KM-tol-0.1-maxIter-10,clustering,5,,,,,0.6924683186596136
1418.0,6400.0,16580.0,606.0,606.0,,,,,0,DDF,KM-tol-0.1-maxIter-10,clustering,1,,,,,0.6924683186596124
1478.0,6400.0,16530.0,606.0,606.0,,,,,1,DDF,KM-tol-0.1-maxIter-10,clustering,1,,,,,0.6924683186596124
1464.0,6400.0,16855.0,606.0,606.0,,,,,2,DDF,KM-tol-0.1-maxIter-10,clustering,1,,,,,0.6924683186596124
1690.0,6400.0,16851.0,606.0,606.0,,,,,0,DDF,KM-tol-0.1-maxIter-10,clustering,4,,,,,0.4014892756498773
1650.0,6400.0,16573.0,606.0,606.0,,,,,1,DDF,KM-tol-0.1-maxIter-10,clustering,4,,,,,0.4014892756498773
1642.0,6400.0,16973.0,606.0,606.0,,,,,2,DDF,KM-tol-0.1-maxIter-10,clustering,4,,,,,0.4014892756498774
1577.0,6400.0,16537.0,606.0,606.0,,,,,0,DDF,KM-tol-0.1-maxIter-10,clustering,101,,,,,0.5220577687475083
1674.0,6400.0,17463.0,606.0,606.0,,,,,1,DDF,KM-tol-0.1-maxIter-10,clustering,101,,,,,0.5220577687475075
1666.0,6400.0,16459.0,606.0,606.0,,,,,2,DDF,KM-tol-0.1-maxIter-10,clustering,101,,,,,0.5220577687475074
1472.0,6400.0,16967.0,606.0,606.0,,,,,0,DDF,KM-tol-0.0001-maxIter-20,clustering,9,,,,,0.4014892756498773
1454.0,6400.0,15769.0,606.0,606.0,,,,,1,DDF,KM-tol-0.0001-maxIter-20,clustering,9,,,,,0.4014892756498773
1507.0,6400.0,17498.0,606.0,606.0,,,,,2,DDF,KM-tol-0.0001-maxIter-20,clustering,9,,,,,0.40148927564987735
1660.0,6400.0,16473.0,606.0,606.0,,,,,0,DDF,KM-tol-0.0001-maxIter-20,clustering,6,,,,,0.40148927564987735
1641.0,6400.0,14419.0,606.0,606.0,,,,,1,DDF,KM-tol-0.0001-maxIter-20,clustering,6,,,,,0.4014892756498773
1653.0,6400.0,14898.0,606.0,606.0,,,,,2,DDF,KM-tol-0.0001-maxIter-20,clustering,6,,,,,0.4014892756498773
1715.0,6400.0,19304.0,606.0,606.0,,,,,0,DDF,KM-tol-0.0001-maxIter-20,clustering,8,,,,,0.6924683186596122
1700.0,6400.0,19751.0,606.0,606.0,,,,,1,DDF,KM-tol-0.0001-maxIter-20,clustering,8,,,,,0.6924683186596116
1713.0,6400.0,19573.0,606.0,606.0,,,,,2,DDF,KM-tol-0.0001-maxIter-20,clustering,8,,,,,0.6924683186596123
1676.0,6400.0,14977.0,606.0,606.0,,,,,0,DDF,KM-tol-0.0001-maxIter-20,clustering,10,,,,,0.6924683186596117
1777.0,6400.0,17189.0,606.0,606.0,,,,,1,DDF,KM-tol-0.0001-maxIter-20,clustering,10,,,,,0.6924683186596124
1673.0,6400.0,15434.0,606.0,606.0,,,,,2,DDF,KM-tol-0.0001-maxIter-20,clustering,10,,,,,0.6924683186596123
1619.0,6400.0,17607.0,606.0,606.0,,,,,0,DDF,KM-tol-0.0001-maxIter-20,clustering,7,,,,,0.6924683186596124
1608.0,6400.0,17095.0,606.0,606.0,,,,,1,DDF,KM-tol-0.0001-maxIter-20,clustering,7,,,,,0.692468318659613
1712.0,6400.0,19769.0,606.0,606.0,,,,,2,DDF,KM-tol-0.0001-maxIter-20,clustering,7,,,,,0.692468318659613
1749.0,6400.0,20714.0,606.0,606.0,,,,,0,DDF,KM-tol-0.0001-maxIter-20,clustering,12,,,,,0.5220577687475084
1651.0,6400.0,19309.0,606.0,606.0,,,,,1,DDF,KM-tol-0.0001-maxIter-20,clustering,12,,,,,0.5220577687475083
1716.0,6400.0,19628.0,606.0,606.0,,,,,2,DDF,KM-tol-0.0001-maxIter-20,clustering,12,,,,,0.5220577687475076
1605.0,6400.0,16478.0,606.0,606.0,,,,,0,DDF,KM-tol-0.0001-maxIter-20,clustering,3,,,,,0.6924683186596114
1623.0,6400.0,16423.0,606.0,606.0,,,,,1,DDF,KM-tol-0.0001-maxIter-20,clustering,3,,,,,0.6924683186596117
1602.0,6400.0,16500.0,606.0,606.0,,,,,2,DDF,KM-tol-0.0001-maxIter-20,clustering,3,,,,,0.6924683186596114
1666.0,6400.0,14430.0,606.0,606.0,,,,,0,DDF,KM-tol-0.0001-maxIter-20,clustering,2,,,,,0.6924683186596136
1606.0,6400.0,14528.0,606.0,606.0,,,,,1,DDF,KM-tol-0.0001-maxIter-20,clustering,2,,,,,0.6924683186596136
1661.0,6400.0,14717.0,606.0,606.0,,,,,2,DDF,KM-tol-0.0001-maxIter-20,clustering,2,,,,,0.6924683186596136
1643.0,6400.0,20762.0,606.0,606.0,,,,,0,DDF,KM-tol-0.0001-maxIter-20,clustering,11,,,,,0.5220577687475084
1642.0,6400.0,19040.0,606.0,606.0,,,,,1,DDF,KM-tol-0.0001-maxIter-20,clustering,11,,,,,0.5220577687475076
1620.0,6400.0,19611.0,606.0,606.0,,,,,2,DDF,KM-tol-0.0001-maxIter-20,clustering,11,,,,,0.5220577687475083
1314.0,6400.0,15344.0,606.0,606.0,,,,,0,DDF,KM-tol-0.0001-maxIter-20,clustering,5,,,,,0.6924683186596128
1461.0,6400.0,15138.0,606.0,606.0,,,,,1,DDF,KM-tol-0.0001-maxIter-20,clustering,5,,,,,0.6924683186596128
1468.0,6400.0,14911.0,606.0,606.0,,,,,2,DDF,KM-tol-0.0001-maxIter-20,clustering,5,,,,,0.6924683186596128
1440.0,6400.0,16634.0,606.0,606.0,,,,,0,DDF,KM-tol-0.0001-maxIter-20,clustering,1,,,,,0.6924683186596124
1482.0,6400.0,16433.0,606.0,606.0,,,,,1,DDF,KM-tol-0.0001-maxIter-20,clustering,1,,,,,0.6924683186596124
1486.0,6400.0,16566.0,606.0,606.0,,,,,2,DDF,KM-tol-0.0001-maxIter-20,clustering,1,,,,,0.6924683186596124
1696.0,6400.0,17076.0,606.0,606.0,,,,,0,DDF,KM-tol-0.0001-maxIter-20,clustering,4,,,,,0.4014892756498781
1654.0,6400.0,16410.0,606.0,606.0,,,,,1,DDF,KM-tol-0.0001-maxIter-20,clustering,4,,,,,0.4014892756498774
1672.0,6400.0,16933.0,606.0,606.0,,,,,2,DDF,KM-tol-0.0001-maxIter-20,clustering,4,,,,,0.4014892756498779
1637.0,6400.0,19317.0,606.0,606.0,,,,,0,DDF,KM-tol-0.0001-maxIter-20,clustering,101,,,,,0.5220577687475079
1697.0,6400.0,19186.0,606.0,606.0,,,,,1,DDF,KM-tol-0.0001-maxIter-20,clustering,101,,,,,0.5220577687475086
1691.0,6400.0,16222.0,606.0,606.0,,,,,2,DDF,KM-tol-0.0001-maxIter-20,clustering,101,,,,,0.5220577687475084
1488.0,6400.0,15975.0,606.0,606.0,,,,,0,DDF,KM-tol-0.0001-maxIter-100,clustering,9,,,,,0.4014892756498774
1506.0,6400.0,16730.0,606.0,606.0,,,,,1,DDF,KM-tol-0.0001-maxIter-100,clustering,9,,,,,0.4014892756498773
1507.0,6400.0,17250.0,606.0,606.0,,,,,2,DDF,KM-tol-0.0001-maxIter-100,clustering,9,,,,,0.4014892756498773
1563.0,6400.0,14494.0,606.0,606.0,,,,,0,DDF,KM-tol-0.0001-maxIter-100,clustering,6,,,,,0.4014892756498775
1640.0,6400.0,14164.0,606.0,606.0,,,,,1,DDF,KM-tol-0.0001-maxIter-100,clustering,6,,,,,0.4014892756498775
1600.0,6400.0,14395.0,606.0,606.0,,,,,2,DDF,KM-tol-0.0001-maxIter-100,clustering,6,,,,,0.4014892756498773
1781.0,6400.0,19718.0,606.0,606.0,,,,,0,DDF,KM-tol-0.0001-maxIter-100,clustering,8,,,,,0.6924683186596121
1658.0,6400.0,17713.0,606.0,606.0,,,,,1,DDF,KM-tol-0.0001-maxIter-100,clustering,8,,,,,0.6924683186596118
1768.0,6400.0,19405.0,606.0,606.0,,,,,2,DDF,KM-tol-0.0001-maxIter-100,clustering,8,,,,,0.692468318659613
1753.0,6400.0,16605.0,606.0,606.0,,,,,0,DDF,KM-tol-0.0001-maxIter-100,clustering,10,,,,,0.6924683186596128
1667.0,6400.0,17165.0,606.0,606.0,,,,,1,DDF,KM-tol-0.0001-maxIter-100,clustering,10,,,,,0.6924683186596123
1610.0,6400.0,17027.0,606.0,606.0,,,,,2,DDF,KM-tol-0.0001-maxIter-100,clustering,10,,,,,0.6924683186596123
1671.0,6400.0,17137.0,606.0,606.0,,,,,0,DDF,KM-tol-0.0001-maxIter-100,clustering,7,,,,,0.692468318659613
1588.0,6400.0,19292.0,606.0,606.0,,,,,1,DDF,KM-tol-0.0001-maxIter-100,clustering,7,,,,,0.6924683186596123
1659.0,6400.0,18040.0,606.0,606.0,,,,,2,DDF,KM-tol-0.0001-maxIter-100,clustering,7,,,,,0.692468318659613
1784.0,6400.0,20101.0,606.0,606.0,,,,,0,DDF,KM-tol-0.0001-maxIter-100,clustering,12,,,,,0.5220577687475085
1714.0,6400.0,19964.0,606.0,606.0,,,,,1,DDF,KM-tol-0.0001-maxIter-100,clustering,12,,,,,0.5220577687475079
1674.0,6400.0,18175.0,606.0,606.0,,,,,2,DDF,KM-tol-0.0001-maxIter-100,clustering,12,,,,,0.5220577687475081
1653.0,6400.0,16563.0,606.0,606.0,,,,,0,DDF,KM-tol-0.0001-maxIter-100,clustering,3,,,,,0.6924683186596114
1589.0,6400.0,16779.0,606.0,606.0,,,,,1,DDF,KM-tol-0.0001-maxIter-100,clustering,3,,,,,0.6924683186596116
1642.0,6400.0,16455.0,606.0,606.0,,,,,2,DDF,KM-tol-0.0001-maxIter-100,clustering,3,,,,,0.6924683186596114
1630.0,6400.0,14644.0,606.0,606.0,,,,,0,DDF,KM-tol-0.0001-maxIter-100,clustering,2,,,,,0.6924683186596127
1596.0,6400.0,14492.0,606.0,606.0,,,,,1,DDF,KM-tol-0.0001-maxIter-100,clustering,2,,,,,0.6924683186596136
1624.0,6400.0,14801.0,606.0,606.0,,,,,2,DDF,KM-tol-0.0001-maxIter-100,clustering,2,,,,,0.6924683186596128
1615.0,6400.0,18942.0,606.0,606.0,,,,,0,DDF,KM-tol-0.0001-maxIter-100,clustering,11,,,,,0.5220577687475081
1605.0,6400.0,20897.0,606.0,606.0,,,,,1,DDF,KM-tol-0.0001-maxIter-100,clustering,11,,,,,0.5220577687475074
1598.0,6400.0,19397.0,606.0,606.0,,,,,2,DDF,KM-tol-0.0001-maxIter-100,clustering,11,,,,,0.5220577687475082
1463.0,6400.0,15015.0,606.0,606.0,,,,,0,DDF,KM-tol-0.0001-maxIter-100,clustering,5,,,,,0.6924683186596136
1471.0,6400.0,14882.0,606.0,606.0,,,,,1,DDF,KM-tol-0.0001-maxIter-100,clustering,5,,,,,0.6924683186596128
1458.0,6400.0,15150.0,606.0,606.0,,,,,2,DDF,KM-tol-0.0001-maxIter-100,clustering,5,,,,,0.6924683186596137
1453.0,6400.0,16625.0,606.0,606.0,,,,,0,DDF,KM-tol-0.0001-maxIter-100,clustering,1,,,,,0.6924683186596124
1473.0,6400.0,16816.0,606.0,606.0,,,,,1,DDF,KM-tol-0.0001-maxIter-100,clustering,1,,,,,0.6924683186596124
1459.0,6400.0,16603.0,606.0,606.0,,,,,2,DDF,KM-tol-0.0001-maxIter-100,clustering,1,,,,,0.6924683186596124
1664.0,6400.0,16750.0,606.0,606.0,,,,,0,DDF,KM-tol-0.0001-maxIter-100,clustering,4,,,,,0.4014892756498773
1684.0,6400.0,16905.0,606.0,606.0,,,,,1,DDF,KM-tol-0.0001-maxIter-100,clustering,4,,,,,0.4014892756498773
1735.0,6400.0,16770.0,606.0,606.0,,,,,2,DDF,KM-tol-0.0001-maxIter-100,clustering,4,,,,,0.4014892756498774
1705.0,6400.0,19117.0,606.0,606.0,,,,,0,DDF,KM-tol-0.0001-maxIter-100,clustering,101,,,,,0.5220577687475086
1629.0,6400.0,17116.0,606.0,606.0,,,,,1,DDF,KM-tol-0.0001-maxIter-100,clustering,101,,,,,0.5220577687475086
1649.0,6400.0,16331.0,606.0,606.0,,,,,2,DDF,KM-tol-0.0001-maxIter-100,clustering,101,,,,,0.522057768747508
1425.0,6400.0,15982.0,606.0,606.0,,,,,0,DDF,KM-tol-0.1-maxIter-20,clustering,9,,,,,0.4014892756498774
1521.0,6400.0,16462.0,606.0,606.0,,,,,1,DDF,KM-tol-0.1-maxIter-20,clustering,9,,,,,0.4014892756498773
1478.0,6400.0,17986.0,606.0,606.0,,,,,2,DDF,KM-tol-0.1-maxIter-20,clustering,9,,,,,0.4014892756498773
1682.0,6400.0,15428.0,606.0,606.0,,,,,0,DDF,KM-tol-0.1-maxIter-20,clustering,6,,,,,0.4014892756498773
1653.0,6400.0,14472.0,606.0,606.0,,,,,1,DDF,KM-tol-0.1-maxIter-20,clustering,6,,,,,0.4014892756498774
1655.0,6400.0,14541.0,606.0,606.0,,,,,2,DDF,KM-tol-0.1-maxIter-20,clustering,6,,,,,0.4014892756498773
1711.0,6400.0,17643.0,606.0,606.0,,,,,0,DDF,KM-tol-0.1-maxIter-20,clustering,8,,,,,0.6924683186596122
1637.0,6400.0,17759.0,606.0,606.0,,,,,1,DDF,KM-tol-0.1-maxIter-20,clustering,8,,,,,0.6924683186596129
1717.0,6400.0,18820.0,606.0,606.0,,,,,2,DDF,KM-tol-0.1-maxIter-20,clustering,8,,,,,0.6924683186596129
1648.0,6400.0,15157.0,606.0,606.0,,,,,0,DDF,KM-tol-0.1-maxIter-20,clustering,10,,,,,0.6924683186596122
1676.0,6400.0,16426.0,606.0,606.0,,,,,1,DDF,KM-tol-0.1-maxIter-20,clustering,10,,,,,0.6924683186596114
1628.0,6400.0,16600.0,606.0,606.0,,,,,2,DDF,KM-tol-0.1-maxIter-20,clustering,10,,,,,0.6924683186596122
1628.0,6400.0,18399.0,606.0,606.0,,,,,0,DDF,KM-tol-0.1-maxIter-20,clustering,7,,,,,0.692468318659613
1635.0,6400.0,19162.0,606.0,606.0,,,,,1,DDF,KM-tol-0.1-maxIter-20,clustering,7,,,,,0.692468318659613
1622.0,6400.0,17183.0,606.0,606.0,,,,,2,DDF,KM-tol-0.1-maxIter-20,clustering,7,,,,,0.692468318659613
1656.0,6400.0,18858.0,606.0,606.0,,,,,0,DDF,KM-tol-0.1-maxIter-20,clustering,12,,,,,0.5220577687475076
1688.0,6400.0,19882.0,606.0,606.0,,,,,1,DDF,KM-tol-0.1-maxIter-20,clustering,12,,,,,0.5220577687475088
1683.0,6400.0,18740.0,606.0,606.0,,,,,2,DDF,KM-tol-0.1-maxIter-20,clustering,12,,,,,0.5220577687475075
1622.0,6400.0,16150.0,606.0,606.0,,,,,0,DDF,KM-tol-0.1-maxIter-20,clustering,3,,,,,0.6924683186596116
1574.0,6400.0,16353.0,606.0,606.0,,,,,1,DDF,KM-tol-0.1-maxIter-20,clustering,3,,,,,0.6924683186596116
1557.0,6400.0,16402.0,606.0,606.0,,,,,2,DDF,KM-tol-0.1-maxIter-20,clustering,3,,,,,0.6924683186596122
1681.0,6400.0,14650.0,606.0,606.0,,,,,0,DDF,KM-tol-0.1-maxIter-20,clustering,2,,,,,0.6924683186596136
1617.0,6400.0,14347.0,606.0,606.0,,,,,1,DDF,KM-tol-0.1-maxIter-20,clustering,2,,,,,0.6924683186596128
1663.0,6400.0,14596.0,606.0,606.0,,,,,2,DDF,KM-tol-0.1-maxIter-20,clustering,2,,,,,0.6924683186596128
1609.0,6400.0,21581.0,606.0,606.0,,,,,0,DDF,KM-tol-0.1-maxIter-20,clustering,11,,,,,0.5220577687475085
1582.0,6400.0,19307.0,606.0,606.0,,,,,1,DDF,KM-tol-0.1-maxIter-20,clustering,11,,,,,0.5220577687475081
1682.0,6400.0,19577.0,606.0,606.0,,,,,2,DDF,KM-tol-0.1-maxIter-20,clustering,11,,,,,0.5220577687475082
1547.0,6400.0,17426.0,606.0,606.0,,,,,0,DDF,KM-tol-0.1-maxIter-20,clustering,5,,,,,0.6924683186596137
1445.0,6400.0,14951.0,606.0,606.0,,,,,1,DDF,KM-tol-0.1-maxIter-20,clustering,5,,,,,0.6924683186596128
1564.0,6400.0,15587.0,606.0,606.0,,,,,2,DDF,KM-tol-0.1-maxIter-20,clustering,5,,,,,0.6924683186596136
1509.0,6400.0,16774.0,606.0,606.0,,,,,0,DDF,KM-tol-0.1-maxIter-20,clustering,1,,,,,0.6924683186596124
1464.0,6400.0,16986.0,606.0,606.0,,,,,1,DDF,KM-tol-0.1-maxIter-20,clustering,1,,,,,0.6924683186596124
1455.0,6400.0,16741.0,606.0,606.0,,,,,2,DDF,KM-tol-0.1-maxIter-20,clustering,1,,,,,0.6924683186596124
1675.0,6400.0,16578.0,606.0,606.0,,,,,0,DDF,KM-tol-0.1-maxIter-20,clustering,4,,,,,0.4014892756498773
1755.0,6400.0,16764.0,606.0,606.0,,,,,1,DDF,KM-tol-0.1-maxIter-20,clustering,4,,,,,0.40148927564987735
1714.0,6400.0,17261.0,606.0,606.0,,,,,2,DDF,KM-tol-0.1-maxIter-20,clustering,4,,,,,0.4014892756498773
1638.0,6400.0,16832.0,606.0,606.0,,,,,0,DDF,KM-tol-0.1-maxIter-20,clustering,101,,,,,0.5220577687475085
1678.0,6400.0,18398.0,606.0,606.0,,,,,1,DDF,KM-tol-0.1-maxIter-20,clustering,101,,,,,0.5220577687475086
1625.0,6400.0,16619.0,606.0,606.0,,,,,2,DDF,KM-tol-0.1-maxIter-20,clustering,101,,,,,0.5220577687475086
1471.0,6400.0,15791.0,606.0,606.0,,,,,0,DDF,KM-tol-1e-06-maxIter-20,clustering,9,,,,,0.40148927564987735
1437.0,6400.0,17725.0,606.0,606.0,,,,,1,DDF,KM-tol-1e-06-maxIter-20,clustering,9,,,,,0.40148927564987735
1494.0,6400.0,17909.0,606.0,606.0,,,,,2,DDF,KM-tol-1e-06-maxIter-20,clustering,9,,,,,0.40148927564987735
1653.0,6400.0,16705.0,606.0,606.0,,,,,0,DDF,KM-tol-1e-06-maxIter-20,clustering,6,,,,,0.4014892756498773
1625.0,6400.0,16596.0,606.0,606.0,,,,,1,DDF,KM-tol-1e-06-maxIter-20,clustering,6,,,,,0.4014892756498774
1689.0,6400.0,15627.0,606.0,606.0,,,,,2,DDF,KM-tol-1e-06-maxIter-20,clustering,6,,,,,0.4014892756498774
1733.0,6400.0,17562.0,606.0,606.0,,,,,0,DDF,KM-tol-1e-06-maxIter-20,clustering,8,,,,,0.6924683186596129
1629.0,6400.0,18357.0,606.0,606.0,,,,,1,DDF,KM-tol-1e-06-maxIter-20,clustering,8,,,,,0.6924683186596122
1724.0,6400.0,17532.0,606.0,606.0,,,,,2,DDF,KM-tol-1e-06-maxIter-20,clustering,8,,,,,0.6924683186596114
1685.0,6400.0,17079.0,606.0,606.0,,,,,0,DDF,KM-tol-1e-06-maxIter-20,clustering,10,,,,,0.6924683186596118
1679.0,6400.0,15191.0,606.0,606.0,,,,,1,DDF,KM-tol-1e-06-maxIter-20,clustering,10,,,,,0.6924683186596129
1635.0,6400.0,14825.0,606.0,606.0,,,,,2,DDF,KM-tol-1e-06-maxIter-20,clustering,10,,,,,0.6924683186596121
1645.0,6400.0,18130.0,606.0,606.0,,,,,0,DDF,KM-tol-1e-06-maxIter-20,clustering,7,,,,,0.6924683186596123
1589.0,6400.0,18889.0,606.0,606.0,,,,,1,DDF,KM-tol-1e-06-maxIter-20,clustering,7,,,,,0.6924683186596123
1607.0,6400.0,18406.0,606.0,606.0,,,,,2,DDF,KM-tol-1e-06-maxIter-20,clustering,7,,,,,0.6924683186596129
1710.0,6400.0,19621.0,606.0,606.0,,,,,0,DDF,KM-tol-1e-06-maxIter-20,clustering,12,,,,,0.522057768747509
1655.0,6400.0,18488.0,606.0,606.0,,,,,1,DDF,KM-tol-1e-06-maxIter-20,clustering,12,,,,,0.5220577687475088
1637.0,6400.0,20008.0,606.0,606.0,,,,,2,DDF,KM-tol-1e-06-maxIter-20,clustering,12,,,,,0.5220577687475085
1619.0,6400.0,16433.0,606.0,606.0,,,,,0,DDF,KM-tol-1e-06-maxIter-20,clustering,3,,,,,0.6924683186596122
1589.0,6400.0,16563.0,606.0,606.0,,,,,1,DDF,KM-tol-1e-06-maxIter-20,clustering,3,,,,,0.6924683186596114
1586.0,6400.0,16592.0,606.0,606.0,,,,,2,DDF,KM-tol-1e-06-maxIter-20,clustering,3,,,,,0.6924683186596116
1613.0,6400.0,14625.0,606.0,606.0,,,,,0,DDF,KM-tol-1e-06-maxIter-20,clustering,2,,,,,0.6924683186596136
1646.0,6400.0,14877.0,606.0,606.0,,,,,1,DDF,KM-tol-1e-06-maxIter-20,clustering,2,,,,,0.6924683186596128
1546.0,6400.0,14469.0,606.0,606.0,,,,,2,DDF,KM-tol-1e-06-maxIter-20,clustering,2,,,,,0.6924683186596128
1627.0,6400.0,19065.0,606.0,606.0,,,,,0,DDF,KM-tol-1e-06-maxIter-20,clustering,11,,,,,0.5220577687475085
1626.0,6400.0,19470.0,606.0,606.0,,,,,1,DDF,KM-tol-1e-06-maxIter-20,clustering,11,,,,,0.5220577687475086
1651.0,6400.0,19448.0,606.0,606.0,,,,,2,DDF,KM-tol-1e-06-maxIter-20,clustering,11,,,,,0.5220577687475086
1506.0,6400.0,15153.0,606.0,606.0,,,,,0,DDF,KM-tol-1e-06-maxIter-20,clustering,5,,,,,0.6924683186596128
1488.0,6400.0,15647.0,606.0,606.0,,,,,1,DDF,KM-tol-1e-06-maxIter-20,clustering,5,,,,,0.6924683186596128
1508.0,6400.0,17714.0,606.0,606.0,,,,,2,DDF,KM-tol-1e-06-maxIter-20,clustering,5,,,,,0.6924683186596128
1510.0,6400.0,16623.0,606.0,606.0,,,,,0,DDF,KM-tol-1e-06-maxIter-20,clustering,1,,,,,0.6924683186596124
1488.0,6400.0,16674.0,606.0,606.0,,,,,1,DDF,KM-tol-1e-06-maxIter-20,clustering,1,,,,,0.6924683186596124
1437.0,6400.0,16673.0,606.0,606.0,,,,,2,DDF,KM-tol-1e-06-maxIter-20,clustering,1,,,,,0.6924683186596124
1692.0,6400.0,16819.0,606.0,606.0,,,,,0,DDF,KM-tol-1e-06-maxIter-20,clustering,4,,,,,0.4014892756498773
1711.0,6400.0,16752.0,606.0,606.0,,,,,1,DDF,KM-tol-1e-06-maxIter-20,clustering,4,,,,,0.4014892756498773
1711.0,6400.0,16830.0,606.0,606.0,,,,,2,DDF,KM-tol-1e-06-maxIter-20,clustering,4,,,,,0.401489275649878
1683.0,6400.0,18857.0,606.0,606.0,,,,,0,DDF,KM-tol-1e-06-maxIter-20,clustering,101,,,,,0.5220577687475086
1661.0,6400.0,20117.0,606.0,606.0,,,,,1,DDF,KM-tol-1e-06-maxIter-20,clustering,101,,,,,0.5220577687475076
1681.0,6400.0,16685.0,606.0,606.0,,,,,2,DDF,KM-tol-1e-06-maxIter-20,clustering,101,,,,,0.5220577687475074
